{
  "eval_loss": 2.8517045974731445,
  "eval_bleu": 0.48598645985455924,
  "eval_meteor": 0.7850696653480748,
  "eval_sacrebleu": 48.598645985455924,
  "eval_rougeL": 0.789201012892843,
  "eval_runtime": 297.5556,
  "eval_samples_per_second": 3.532,
  "eval_steps_per_second": 0.884,
  "epoch": 8.0
}