{
  "eval_loss": 2.3327763080596924,
  "eval_bleu": 0.46271252699174975,
  "eval_meteor": 0.7729161694945196,
  "eval_sacrebleu": 46.271252699174966,
  "eval_rougeL": 0.7743505828964077,
  "eval_runtime": 305.1458,
  "eval_samples_per_second": 2.517,
  "eval_steps_per_second": 0.315,
  "epoch": 7.0
}