{
  "eval_loss": 2.331207036972046,
  "eval_bleu": 0.5328238303638594,
  "eval_meteor": 0.7781146485714233,
  "eval_sacrebleu": 53.28238303638593,
  "eval_rougeL": 0.7675028371479744,
  "eval_runtime": 176.0929,
  "eval_samples_per_second": 4.361,
  "eval_steps_per_second": 1.09,
  "epoch": 8.0
}