{
  "eval_loss": 1.972752571105957,
  "eval_bleu": 0.752874991544341,
  "eval_meteor": 0.887061594806533,
  "eval_sacrebleu": 75.2874991544341,
  "eval_rougeL": 0.8887670717477489,
  "eval_runtime": 222.0399,
  "eval_samples_per_second": 4.733,
  "eval_steps_per_second": 1.184,
  "epoch": 6.0
}