{
  "eval_loss": 2.0881330966949463,
  "eval_bleu": 0.23648876310393674,
  "eval_meteor": 0.6215175625531978,
  "eval_sacrebleu": 23.64887631039368,
  "eval_rougeL": 0.6252805413459994,
  "eval_runtime": 365.844,
  "eval_samples_per_second": 2.099,
  "eval_steps_per_second": 0.525,
  "epoch": 8.0
}