{
  "eval_loss": 2.454996109008789,
  "eval_bleu": 0.3782222259798266,
  "eval_meteor": 0.7466043599217448,
  "eval_sacrebleu": 37.82222259798266,
  "eval_rougeL": 0.7429330577202928,
  "eval_runtime": 343.6061,
  "eval_samples_per_second": 2.255,
  "eval_steps_per_second": 0.282,
  "epoch": 8.0
}