{
  "eval_loss": 1.6375457048416138,
  "eval_bleu": 0.18454213304986897,
  "eval_meteor": 0.6000468838494409,
  "eval_sacrebleu": 18.45421330498689,
  "eval_rougeL": 0.5942251539246215,
  "eval_runtime": 549.4108,
  "eval_samples_per_second": 1.913,
  "eval_steps_per_second": 0.24,
  "epoch": 8.0
}