{
  "eval_loss": 3.54477596282959,
  "eval_bleu": 0.2349344721944083,
  "eval_meteor": 0.5086673954513694,
  "eval_sacrebleu": 23.49344721944083,
  "eval_rouge1": 0.5573738422349819,
  "eval_rouge2": 0.3296816453214068,
  "eval_rougeL": 0.5351547104217003,
  "eval_rougeLsum": 0.5346382908860514,
  "eval_runtime": 13.2046,
  "eval_samples_per_second": 7.346,
  "eval_steps_per_second": 1.893,
  "epoch": 6.0
}