{
  "eval_loss": 0.3001667261123657,
  "eval_bleu": 0.7556646527169543,
  "eval_meteor": 0.8873175252258891,
  "eval_sacrebleu": 75.56646527169544,
  "eval_rougeL": 0.8904160632265696,
  "eval_runtime": 257.42,
  "eval_samples_per_second": 4.083,
  "eval_steps_per_second": 1.022,
  "epoch": 6.0
}